pid,AA1,AA2,AA3,AA4,GR_SS1,GR_SS2,GR_SS3,GR_SS4,GR_SP1,GR_SP2,GR_SP3,GR_SP4,GR_TPI1,GR_TPI2,GR_TPI3,GR_TPI4,GR_DS1,GR_DS2,GR_DS3,GR_DS4,GR_VI1,GR_VI2,GR_VI3,GR_VI4,GR_AR1,GR_AR2,GR_AR3,GR_AR4,animalism_1,animalism_2,animalism_3,animalism_4,animalism_5,Animacy_1,Animacy_2,Animacy_3,Animacy_4,Animacy_5,Animacy_6,Likeability_1,Likeability_2,Likeability_3,Likeability_4,Likeability_5,PI_1,PI_2,PI_3,PI_4,PI_5,STartBR,BR_AA1,BR_AA2,BR_AA3,BR_AA4,BR_SS1,BR_SS2,BR_SS3,BR_SS4,BR_SP1,BR_SP2,BR_SP3,BR_SP4,BR_TPI1,BR_TPI2,BR_TPI3,BR_TPI4,BR_DS1,BR_DS2,BR_DS3,BR_DS4,BR_VI1,BR_VI2,BR_VI3,BR_VI4,BR_AR1,BR_AR2,BR_AR3,BR_AR4,Animalism_1,Animalism_2,Animalism_3,Animalism_4,Animalism_5,Animacy_1,Animacy_2,Animacy_3,Animacy_4,Animacy_5,Animacy_6,Likeability_1,Likeability_2,Likeability_3,Likeability_4,Likeability_5,aa,aa,aa,aa,aa,sr,SR_AA1,SR_AA2,SR_AA3,SR_AA4,SR_SS1,SR_SS2,SR_SS3,SR_SS4,SR_SP1,SR_SP2,SR_SP3,SR_SP4,SR_TPI1,SR_TPI2,SR_TPI3,SR_TPI4,SR_DS1,SR_DS2,SR_DS3,SR_DS4,SR_VI1,SR_VI2,SR_VI3,SR_VI4,SR_AR1,SR_AR2,SR_AR3,SR_AR4,SR_Animalism_1,SR_Animalism_2,SR_Animalism_3,SR_Animalism_4,SR_Animalism_5,Animacy_1,Animacy_2,Animacy_3,Animacy_4,Animacy_5,Animacy_6,Likeability_1,Likeability_2,Likeability_3,Likeability_4,Likeability_5,aa,aa,aa,aa,aa
1,5,4,5,6,5,3,3,3,5,5,5,5,6,5,5,6,2,2,3,5,4,2,7,5,2,5,3,3,4,3,4,2,2,2,4,2,3,4,4,3,4,4,4,4,3,3,3,4,4,-1,6,6,5,6,7,5,5,2,5,5,6,5,6,5,5,3,2,2,2,6,2,2,5,6,2,4,6,5,4,4,4,3,4,4,3,2,2,4,4,4,3,4,4,3,3,4,3,3,4,-1,5,5,5,4,5,4,5,5,5,6,6,5,6,4,5,3,5,5,5,3,4,6,4,3,4,3,5,5,3,4,4,2,4,4,4,3,3,4,3,4,3,4,4,3,4,3,4,3,3
2,3,3,3,2,5,3,5,5,5,5,4,5,5,3,4,4,5,6,6,3,4,4,4,5,4,5,5,5,3,4,3,4,3,4,3,3,4,3,3,4,4,3,3,4,3,3,4,2,3,-1,6,6,6,6,6,5,6,6,5,6,6,6,6,5,6,5,5,6,4,2,4,2,6,5,2,5,2,6,4,4,4,4,4,3,4,3,4,4,4,4,5,4,4,4,4,4,3,4,4,-1,6,6,6,5,5,5,3,5,4,4,4,5,5,5,4,5,2,2,3,6,4,2,5,5,5,6,5,6,4,4,4,4,4,4,4,4,4,3,4,4,5,4,4,5,3,3,4,3,4
3,5,5,5,5,5,4,4,3,4,3,3,3,4,3,4,5,5,4,5,4,5,3,4,5,3,4,5,5,2,2,3,2,3,4,4,3,4,3,4,4,4,4,4,4,4,3,3,3,3,-1,5,5,5,5,5,5,4,1,4,3,4,4,3,3,3,4,5,4,5,4,6,6,2,4,3,5,5,5,2,2,3,3,3,4,4,2,2,2,4,4,4,4,4,4,4,3,3,3,3,-1,5,5,6,5,4,4,4,3,5,4,3,4,4,3,4,6,5,5,5,3,3,2,4,5,3,4,5,5,2,2,3,2,3,4,4,3,2,3,4,4,4,4,4,4,4,3,3,3,3
4,5,4,5,4,5,5,5,3,6,6,6,4,5,3,4,7,7,7,6,3,4,7,4,1,2,2,6,6,1,1,1,1,1,5,5,5,5,5,5,5,5,5,5,5,5,5,5,5,5,6,7,6,5,3,7,7,7,7,3,3,2,3,3,5,3,7,4,5,2,6,4,2,2,3,2,4,5,6,1,1,1,1,1,2,4,2,2,4,5,5,5,5,5,4,4,5,5,4,3,2,6,6,6,6,5,5,3,3,2,2,3,2,2,2,3,7,3,2,2,6,4,4,3,5,4,3,6,6,1,1,3,1,1,4,5,1,1,5,5,5,5,5,5,5,5,5,5,5,5
5,2,3,3,2,2,1,1,1,1,1,1,1,1,1,1,1,7,7,7,1,3,1,5,1,7,1,7,1,1,1,1,1,1,1,2,1,1,3,3,3,2,2,2,2,2,3,2,3,3,3,7,7,7,7,6,4,4,1,2,2,4,4,4,3,4,1,1,1,2,7,4,4,4,2,3,5,5,4,2,3,2,2,3,2,3,2,2,3,3,4,4,4,4,4,3,3,3,3,3,3,6,6,7,5,5,4,5,2,2,2,2,2,2,3,2,3,5,5,5,2,3,5,4,3,3,5,3,5,2,2,2,2,3,3,3,2,2,3,4,4,4,4,4,4,3,3,3,3,3
6,5,5,5,5,5,6,6,6,5,5,4,5,5,5,5,5,5,5,5,2,4,1,5,7,5,5,5,5,3,4,4,4,3,5,5,3,5,5,5,5,5,5,5,5,3,3,3,3,3,3,6,5,6,6,4,4,4,4,6,4,5,4,5,4,4,2,2,1,2,6,4,1,4,7,3,4,5,5,3,4,4,3,3,4,5,3,4,5,5,5,5,5,5,5,3,3,3,3,3,3,6,6,6,6,5,5,4,4,6,4,5,4,5,5,5,2,4,4,5,3,5,2,6,5,3,4,5,5,3,3,4,3,3,4,5,4,3,5,5,5,5,5,5,5,4,3,3,3,3
7,7,6,5,4,6,7,6,6,3,3,2,2,5,3,3,6,7,4,6,6,1,4,7,7,2,3,6,3,3,3,3,2,4,4,5,4,3,3,3,4,4,4,4,4,4,3,3,3,3,5,6,4,2,4,3,5,3,3,3,4,5,6,3,6,3,4,5,2,4,3,2,2,3,4,6,4,5,3,2,2,2,2,2,3,3,2,2,2,3,3,3,3,4,3,3,3,3,3,3,5,5,4,5,5,6,7,5,4,4,5,5,5,5,4,5,3,2,2,2,7,6,2,7,2,2,7,2,6,4,4,4,4,3,4,4,4,4,4,4,4,4,4,4,4,4,4,4,4,4
8,2,3,3,2,1,1,2,1,1,1,1,2,1,1,2,1,6,5,7,1,6,7,5,2,6,1,7,2,2,2,2,2,1,3,5,2,2,3,4,3,3,3,4,3,3,3,3,3,3,3,5,4,4,6,5,4,5,1,5,1,1,2,1,1,1,1,2,2,2,6,4,5,5,2,3,5,7,5,4,4,4,3,3,4,3,4,4,3,4,3,4,4,4,4,4,3,3,4,4,5,6,5,6,5,4,5,5,1,4,1,1,1,2,1,2,1,2,1,2,6,2,6,5,2,2,5,7,6,4,4,3,4,4,4,4,3,4,5,4,4,4,3,4,4,4,3,3,3,4
9,4,4,4,4,3,3,3,3,3,3,3,3,3,2,3,3,5,5,5,2,4,5,3,3,5,3,5,4,2,2,3,2,3,3,3,2,2,3,4,4,4,4,4,4,3,3,3,3,3,5,6,6,6,6,6,6,6,2,5,5,6,4,4,4,4,5,2,2,2,2,2,2,5,4,3,4,3,3,4,4,3,3,4,3,3,3,3,4,4,5,5,5,5,5,3,3,3,3,3,2,6,6,6,6,5,5,5,3,5,5,5,5,5,5,5,5,2,2,2,6,3,2,6,6,3,5,3,4,4,4,3,3,4,3,3,3,3,2,4,5,5,5,5,5,3,3,3,3,3
10,5,5,5,5,5,3,3,5,3,3,3,3,5,5,5,3,6,6,6,2,5,3,3,3,6,3,5,6,2,2,4,2,2,2,2,4,2,4,4,4,4,4,4,4,3,3,3,3,3,5,5,5,7,4,6,6,6,6,7,3,5,5,6,6,6,3,5,5,6,2,5,6,4,3,6,5,3,4,4,2,4,3,5,4,5,4,4,5,5,5,5,5,5,5,3,3,3,3,4,6,6,6,7,7,7,6,6,7,6,6,6,7,6,6,6,6,1,1,2,6,2,6,6,3,2,6,6,6,5,4,5,5,5,5,5,5,5,5,5,5,5,5,5,5,3,3,3,3,3
11,6,3,3,6,7,6,3,5,6,2,2,2,3,6,4,6,7,2,6,1,2,2,7,7,5,6,7,3,2,2,1,1,5,5,5,2,2,4,5,4,4,4,4,4,4,3,4,2,3,3,7,6,6,7,7,7,3,2,5,6,7,7,3,6,7,7,1,1,2,6,1,2,7,6,2,6,7,7,4,4,1,1,4,4,4,3,2,4,5,4,5,5,5,5,4,2,4,3,3,6,6,6,7,7,7,6,3,2,6,6,6,7,6,6,6,6,1,1,2,7,2,1,7,7,2,6,6,7,5,4,3,2,4,4,4,3,2,4,5,5,5,4,4,4,3,3,5,3,3
12,7,7,7,4,7,7,7,7,7,3,3,3,3,1,3,1,7,7,7,1,2,1,6,7,1,7,3,7,3,5,5,1,5,3,5,3,1,5,5,5,5,5,5,5,3,3,3,3,3,6,7,7,4,4,7,7,7,7,7,3,3,3,3,1,3,4,7,7,7,1,1,1,5,7,1,5,6,7,3,5,5,1,5,3,5,3,1,5,5,5,5,5,5,5,3,3,3,3,3,4,7,7,7,4,7,7,7,7,7,3,3,3,3,1,3,1,7,7,7,1,3,1,5,7,1,5,6,7,1,5,5,1,5,3,5,3,1,5,5,5,5,5,5,5,3,3,3,3,3
13,7,5,7,7,5,6,6,4,7,5,5,5,5,5,5,4,2,1,2,2,4,1,6,6,5,5,5,6,3,2,5,4,3,5,5,4,4,5,4,5,5,4,5,5,4,4,5,4,4,2,7,6,6,7,6,7,6,6,7,5,6,5,5,6,6,5,5,5,7,5,1,7,1,7,4,7,4,5,4,4,4,5,3,4,5,4,4,4,5,5,4,5,5,5,4,4,5,4,3,2,7,7,7,7,7,7,6,4,6,7,6,6,6,5,6,5,5,5,7,4,5,7,1,1,6,6,5,5,4,4,4,4,3,5,5,3,4,5,5,5,5,5,5,4,5,5,4,5,5
14,6,6,4,4,4,6,7,2,3,3,3,3,3,3,4,3,6,7,7,1,2,6,6,1,3,4,7,7,2,3,2,3,4,3,4,2,2,4,4,3,4,4,4,3,4,3,3,3,3,3,6,4,3,3,6,7,4,1,6,5,3,3,4,1,3,2,5,4,3,5,2,7,6,1,2,4,2,7,2,2,2,2,3,3,4,2,2,4,4,4,4,4,4,3,3,3,3,3,3,3,6,6,5,4,5,6,6,3,5,5,5,4,5,2,4,2,2,2,3,5,5,3,4,5,5,4,3,7,2,2,2,2,3,3,4,3,3,3,4,3,4,3,3,3,4,3,3,3,3
15,7,5,5,5,7,7,7,7,7,7,7,7,7,7,7,7,5,5,5,2,3,4,6,5,3,6,6,6,4,4,4,4,4,4,4,4,4,4,4,4,4,4,4,4,4,4,4,4,4,5,7,7,7,7,7,7,7,7,7,7,7,7,7,1,3,7,1,1,1,5,6,6,6,6,2,4,3,6,1,1,1,1,1,1,1,1,1,1,5,5,5,5,5,5,5,5,5,5,5,4,6,6,6,6,6,6,6,6,5,5,5,6,5,4,4,4,3,3,3,6,2,5,5,3,5,5,5,3,2,2,2,2,2,2,2,2,2,2,2,4,4,4,4,4,4,4,4,4,4
16,7,7,7,6,7,7,7,7,4,7,6,7,6,7,6,7,7,7,7,2,2,1,7,7,5,1,7,6,2,2,4,4,3,4,5,2,2,5,5,5,5,4,5,5,5,5,4,4,5,1,7,7,7,7,7,7,3,1,7,2,2,1,1,1,1,1,3,3,3,3,1,1,4,1,5,5,3,4,2,2,2,2,2,2,4,2,2,4,5,5,5,4,5,5,5,5,3,4,4,1,5,7,7,5,6,7,3,7,6,5,5,4,5,4,4,7,5,5,5,1,5,5,7,3,2,3,5,1,2,4,5,2,3,2,5,2,2,5,5,5,5,3,5,5,5,4,3,4,4
17,7,7,7,7,7,7,7,2,2,5,5,5,5,3,5,5,7,7,7,1,5,7,7,1,1,7,5,7,5,5,5,5,5,5,5,4,5,5,5,5,5,5,5,5,5,3,3,3,3,6,7,7,7,7,7,7,7,7,7,7,5,7,7,5,7,7,1,3,3,5,7,5,7,3,1,7,1,7,5,5,5,5,5,5,5,5,5,5,5,5,5,5,5,5,3,3,3,3,3,4,7,7,7,7,7,7,7,7,7,7,7,7,7,7,7,7,1,1,2,7,1,1,7,7,1,7,1,7,5,5,5,5,5,5,5,5,5,5,5,5,5,5,5,5,3,3,3,3,3
18,5,4,5,3,6,6,5,6,6,5,6,3,3,1,2,3,6,6,5,2,3,2,6,6,3,6,3,6,2,2,4,1,3,4,5,1,1,5,5,5,4,4,5,5,4,3,3,3,3,6,4,5,5,6,5,6,3,2,6,4,5,4,5,4,4,5,6,7,5,2,4,5,7,6,2,4,5,7,2,3,4,2,3,5,5,3,2,5,5,5,4,5,5,4,4,3,3,3,3,3,7,6,6,7,5,6,4,5,4,6,5,5,5,6,6,7,1,1,3,5,2,2,6,5,3,5,4,6,4,4,5,3,4,5,5,4,3,4,5,5,5,4,5,5,4,3,3,3,3
19,4,4,4,4,6,6,6,6,4,4,4,4,4,3,4,6,5,6,5,2,4,2,5,3,6,4,5,6,4,3,4,4,3,4,4,4,4,4,4,4,5,5,3,4,3,3,3,3,3,7,7,6,7,6,6,7,6,6,6,6,6,6,6,4,6,6,2,2,2,6,6,1,5,7,5,6,2,4,4,4,4,4,3,4,4,4,4,4,5,5,5,5,4,5,3,3,3,3,3,5,3,4,5,3,6,7,6,5,5,5,4,4,4,3,4,2,7,7,7,1,6,4,3,3,2,4,2,6,2,3,4,4,4,4,4,3,3,4,5,5,5,4,3,4,3,3,3,3,3
20,5,3,3,3,5,5,5,3,4,4,4,3,4,3,3,3,5,1,5,3,4,3,4,3,4,2,5,3,2,2,2,2,2,3,3,2,2,3,4,3,4,4,4,3,3,3,3,3,3,6,5,5,5,4,5,5,5,1,2,2,2,4,3,3,2,2,5,5,5,3,5,3,1,3,2,1,6,5,2,2,3,2,2,3,3,2,2,3,3,3,3,4,4,4,3,3,3,3,3,3,5,5,5,5,5,5,5,3,5,5,5,5,4,4,4,5,4,4,4,4,3,2,3,3,3,4,3,5,4,3,3,3,4,4,4,3,3,3,4,4,4,4,4,4,3,3,3,3,3
21,2,2,2,3,5,2,4,5,5,2,2,5,3,1,2,3,7,7,7,7,4,1,7,7,5,6,4,7,2,1,2,1,1,1,4,1,1,5,5,5,5,5,4,5,3,3,3,3,3,3,6,4,7,4,7,1,3,2,7,7,5,7,4,3,6,5,1,1,2,2,5,1,6,7,1,5,6,7,3,4,2,2,2,4,5,1,1,5,5,5,5,5,5,4,3,3,3,3,3,6,5,5,5,6,5,5,4,3,5,5,6,7,4,2,4,2,1,1,1,7,3,4,4,7,5,6,6,7,2,2,1,1,3,2,5,1,3,5,5,5,4,5,5,4,3,3,3,3,3
22,2,5,5,7,7,4,2,4,5,5,4,4,5,2,5,6,7,7,6,1,4,4,4,3,2,7,1,7,4,3,3,2,2,3,3,2,2,4,3,5,2,3,4,5,2,3,3,3,3,3,7,7,7,7,7,7,4,1,6,5,6,6,6,6,7,7,3,7,5,1,4,5,5,1,4,4,5,3,4,3,4,2,3,3,4,4,3,4,4,2,4,3,4,4,3,3,3,3,3,3,4,6,7,7,7,7,2,1,3,7,7,7,7,6,7,4,7,7,5,1,2,4,5,1,1,7,1,2,5,5,3,3,2,2,3,1,1,1,3,3,2,3,3,3,3,2,2,2,2
23,6,6,6,6,6,7,7,7,7,6,7,6,7,6,6,7,2,2,6,2,5,2,6,6,3,6,2,5,5,4,4,4,4,4,4,4,4,4,4,5,4,4,4,4,4,3,3,4,4,1,5,5,6,6,6,6,6,5,6,6,6,6,6,5,6,6,2,3,3,3,3,3,5,5,2,6,6,6,4,4,4,4,4,4,4,4,4,4,5,4,4,4,5,4,4,3,3,4,4,1,4,5,5,5,6,6,5,3,5,5,6,6,6,6,6,5,4,4,4,4,2,3,6,5,2,5,3,6,4,3,4,3,4,4,4,3,3,3,4,4,4,4,4,4,4,4,3,3,3
24,4,4,4,4,6,3,6,2,3,2,2,2,2,3,3,5,5,4,6,3,3,2,7,3,3,2,4,5,2,2,4,4,4,4,4,2,2,3,2,4,3,3,3,3,3,3,3,3,3,3,6,6,6,6,5,6,4,2,6,4,4,4,4,3,3,5,1,1,2,7,5,2,4,2,3,5,3,2,4,4,4,4,4,4,4,4,4,4,4,4,3,4,4,4,3,3,4,3,3,4,5,3,5,6,4,4,4,6,4,2,3,2,3,3,3,3,2,2,5,5,3,2,6,2,5,3,2,7,2,2,4,2,4,4,4,2,2,4,4,4,4,4,3,3,3,4,4,4,4
25,7,7,6,7,7,7,6,6,7,7,7,6,7,6,6,6,5,3,6,2,1,1,7,7,2,6,2,6,5,5,5,5,4,5,5,5,5,5,5,5,3,5,5,5,3,3,3,3,3,4,7,7,7,7,7,7,7,6,7,7,7,7,7,6,7,7,7,1,1,7,1,1,7,7,2,7,2,6,5,5,5,5,4,5,5,5,5,5,5,5,5,5,5,5,5,3,3,3,3,3,7,5,6,7,7,7,7,6,7,7,7,6,7,4,6,5,1,1,4,7,1,1,7,7,3,7,2,6,4,5,4,2,4,5,5,5,2,5,5,5,5,5,5,5,3,4,3,4,4
26,6,7,7,6,6,7,6,5,7,6,6,6,6,3,6,3,6,4,4,4,5,2,7,7,2,7,6,6,4,2,4,1,4,3,4,1,1,4,5,5,5,5,5,5,4,3,3,3,3,6,7,6,6,6,7,6,6,2,6,6,6,6,6,4,6,6,2,4,4,2,2,1,6,4,1,7,4,5,5,3,5,3,4,4,4,3,2,4,5,5,5,4,4,5,5,3,4,3,4,7,7,6,6,6,7,6,5,3,6,6,6,6,6,3,4,5,2,5,3,4,6,2,6,4,2,7,5,5,5,2,5,2,4,4,5,2,2,4,5,5,5,5,5,5,4,3,3,3,4
27,6,6,6,5,5,6,6,6,5,5,5,5,5,5,5,5,6,7,7,1,3,3,2,3,5,5,5,5,4,4,5,4,3,4,4,4,4,5,5,4,4,4,4,4,4,3,4,4,4,5,6,6,6,5,6,6,6,4,6,6,6,6,6,6,6,5,4,4,5,3,3,1,6,7,2,6,2,6,4,5,5,4,4,4,5,5,4,5,5,5,5,4,4,4,4,4,4,3,4,5,5,6,6,6,6,6,6,4,6,6,6,5,6,5,6,4,5,5,5,3,3,1,2,7,2,5,6,3,4,4,4,4,4,5,4,4,4,4,4,5,5,5,4,4,4,3,4,4,4
28,5,6,6,6,6,4,4,5,2,5,5,5,5,4,3,2,7,7,7,2,6,6,5,2,3,4,6,6,2,2,4,2,2,5,5,5,2,4,3,2,4,3,3,2,3,3,3,3,3,4,7,7,7,6,6,6,5,3,5,6,5,5,7,4,6,7,1,1,1,7,2,1,6,6,1,6,1,7,3,2,4,3,2,5,5,2,2,5,5,5,5,5,5,5,3,3,3,3,3,7,6,6,5,5,5,6,5,3,3,3,6,6,5,5,3,1,6,3,4,4,3,7,6,3,6,5,5,5,2,2,4,3,3,4,4,3,3,5,5,4,4,4,5,5,3,3,3,3,3
29,6,5,6,5,4,5,3,3,3,2,2,2,2,1,3,1,3,6,5,2,4,4,2,3,2,4,3,3,4,3,4,2,5,4,5,3,3,4,5,4,4,5,4,4,4,4,4,4,4,5,6,5,6,7,5,4,3,3,4,7,3,3,3,1,1,3,3,5,4,1,3,4,3,3,1,3,4,1,4,4,3,2,4,3,4,2,2,5,5,4,4,5,4,4,4,3,3,4,4,5,5,5,6,5,3,4,3,3,3,2,1,2,1,2,2,1,3,4,4,4,3,4,3,4,4,5,4,3,4,4,4,4,5,4,4,2,4,5,5,4,5,5,5,4,5,4,4,4,4
30,7,5,7,7,3,7,6,3,6,5,6,3,3,1,2,7,1,2,1,7,4,1,6,6,4,6,5,7,2,3,5,1,1,5,3,4,1,3,5,4,5,5,5,5,5,3,5,5,4,5,7,6,7,7,7,7,6,6,6,5,4,3,3,1,3,5,1,1,2,6,7,1,5,6,1,4,5,6,4,1,5,1,2,5,1,1,1,1,4,4,5,5,4,5,5,3,5,3,3,3,7,7,6,7,6,6,6,3,5,3,6,6,3,1,4,5,4,4,3,3,2,6,6,3,3,5,2,6,4,2,5,1,1,5,4,2,1,4,5,5,5,5,5,5,5,4,5,3,3
31,6,5,6,4,7,6,6,5,7,6,5,5,5,6,6,1,3,3,4,6,1,2,6,6,2,6,2,7,2,4,3,3,4,4,4,4,4,4,4,4,5,5,5,5,5,3,3,3,3,3,7,7,7,7,7,7,7,1,6,6,6,6,6,6,6,5,1,1,1,7,3,1,6,7,2,6,2,7,5,5,5,5,5,5,5,5,5,5,5,5,5,5,5,5,4,3,3,3,3,3,5,5,5,5,6,6,7,3,5,5,6,7,6,6,6,5,1,1,5,7,5,2,5,5,2,6,3,7,4,3,4,4,4,4,4,4,4,4,4,4,4,4,4,4,4,3,3,3,3
32,3,4,4,4,3,3,3,3,3,3,3,4,4,4,4,4,4,5,5,3,3,4,4,4,3,3,5,3,3,3,3,3,4,4,4,2,4,4,4,4,3,4,3,3,4,3,3,3,3,5,6,5,5,4,5,4,3,3,4,3,2,3,3,3,2,2,3,3,4,5,3,4,6,5,2,5,2,4,2,4,5,3,2,4,4,4,4,4,5,3,4,4,4,4,3,2,3,3,3,6,5,4,4,5,3,3,3,3,3,4,4,4,4,5,5,3,4,4,5,4,3,5,5,4,3,4,5,4,4,4,4,4,3,4,4,3,4,4,3,4,4,5,4,4,3,3,3,3,3
33,5,5,4,6,4,5,3,5,5,4,5,4,5,4,4,5,6,7,7,6,5,3,4,2,2,4,2,5,4,4,4,2,3,4,4,4,2,4,5,5,5,4,4,5,5,4,3,4,3,3,6,5,5,6,5,5,5,4,6,6,5,5,6,4,5,7,1,2,1,6,3,1,6,7,2,6,6,7,5,5,5,4,5,4,4,4,5,4,5,5,5,4,5,5,5,4,4,5,5,6,6,5,5,6,5,5,5,6,5,4,5,5,6,4,5,2,2,2,1,7,3,6,6,5,3,4,3,6,4,5,5,5,4,4,4,3,4,4,4,5,5,5,4,5,3,3,4,4,3
34,6,4,6,1,3,3,2,2,2,2,2,2,2,2,2,1,6,6,6,2,4,2,4,6,6,2,6,2,2,2,2,2,2,2,2,2,2,2,2,2,2,4,2,3,4,4,4,4,4,5,6,6,6,6,6,6,4,1,5,5,5,5,5,2,5,2,1,1,2,7,2,1,6,7,2,6,5,2,2,2,2,2,3,2,2,2,2,2,2,2,2,2,2,3,4,4,4,4,4,7,6,6,6,3,6,6,4,3,5,3,3,3,3,2,3,2,4,4,4,3,4,3,4,3,5,5,5,4,2,2,2,2,2,2,2,2,2,2,3,3,3,4,4,4,4,4,4,4,4
35,7,7,7,5,5,6,6,6,6,6,6,6,6,6,6,6,6,6,6,3,5,3,6,3,3,5,3,3,2,4,4,4,4,4,5,4,5,5,5,5,5,5,5,5,5,4,4,4,4,5,7,7,7,7,7,7,7,2,7,7,7,7,7,6,6,6,2,2,2,6,2,2,6,6,3,6,6,6,5,5,5,5,5,5,5,5,5,5,5,5,5,5,5,5,5,5,5,5,5,4,7,7,7,7,7,7,6,2,6,6,6,6,5,5,5,2,2,2,2,6,5,6,6,2,2,6,6,6,4,4,4,4,4,5,5,5,5,5,5,5,5,5,5,5,5,5,5,5,5
36,2,3,2,3,5,5,3,5,1,1,1,1,2,4,2,1,6,6,6,2,2,2,6,5,6,2,7,1,1,2,2,1,2,2,2,3,3,3,3,4,2,2,2,1,1,1,3,1,1,7,7,6,7,7,6,6,6,4,5,4,6,6,6,5,6,6,1,2,2,6,5,2,4,6,2,6,2,6,4,5,3,3,3,3,3,4,4,3,2,4,3,3,4,4,3,4,3,3,4,4,6,6,6,5,6,6,4,3,6,5,6,6,6,5,6,5,3,2,5,4,5,3,6,6,5,5,6,5,4,4,4,4,4,3,4,3,4,4,4,5,2,2,4,4,3,3,4,4,3
37,7,7,7,7,7,7,7,7,7,7,7,6,6,3,4,3,7,7,7,1,3,6,5,3,5,4,5,5,3,3,3,3,3,4,4,3,3,3,4,4,4,3,2,3,3,3,3,3,3,3,5,3,3,5,5,5,6,6,4,4,5,3,3,3,3,4,6,6,6,2,6,6,5,4,7,3,7,6,2,2,3,2,2,2,2,2,2,3,3,4,3,3,4,3,3,3,3,3,3,4,6,6,6,6,6,6,6,6,6,6,4,4,4,3,4,3,4,3,3,3,4,3,4,4,4,4,5,4,2,2,2,2,3,3,4,2,2,3,3,4,4,4,4,4,3,3,3,3,3
38,6,5,5,6,5,5,4,5,5,5,5,5,5,2,5,4,6,6,6,5,2,4,5,5,4,4,4,6,2,2,4,2,3,2,4,2,2,4,4,3,3,4,3,4,3,3,3,3,3,4,6,6,6,5,6,5,3,2,5,5,5,4,5,2,5,2,2,2,6,5,5,4,5,4,4,3,6,6,2,2,3,2,3,2,3,2,2,3,3,3,3,3,5,3,3,3,3,3,3,,5,6,4,6,7,7,6,2,5,3,3,3,3,1,3,6,6,6,7,1,2,2,6,6,2,2,4,7,3,4,4,2,4,3,5,3,2,4,4,3,3,3,4,3,3,3,3,3,3
39,7,4,5,1,7,6,4,7,1,2,2,3,1,1,1,1,1,2,7,5,3,2,7,1,4,1,7,4,1,3,5,1,2,5,5,3,1,4,4,5,5,5,5,4,3,3,4,3,3,4,7,2,3,1,7,7,4,5,1,1,1,1,1,1,2,1,1,2,4,7,2,1,7,5,7,4,7,4,1,1,4,1,3,5,5,3,3,5,5,5,5,5,4,4,3,3,4,3,3,,7,6,5,1,7,6,7,6,1,2,1,2,1,1,1,1,1,2,4,6,7,6,7,6,6,1,6,2,1,2,1,2,3,4,4,5,1,5,4,5,5,5,5,5,4,3,5,3,4
40,7,4,3,6,6,6,6,4,5,3,3,3,4,3,4,3,4,2,4,5,4,3,5,5,5,5,4,4,2,2,4,3,3,4,4,2,2,4,4,4,4,4,4,4,3,3,3,3,3,3,6,6,5,5,6,4,5,3,5,3,4,4,4,2,3,3,2,2,2,6,4,3,5,5,4,4,5,6,2,3,4,3,2,3,4,2,2,4,4,4,4,3,4,4,3,3,3,3,3,5,6,5,5,6,5,5,6,2,4,3,3,3,3,3,3,3,2,2,2,2,3,4,5,6,4,4,5,6,2,2,4,3,2,4,4,2,4,4,4,4,4,3,4,4,3,3,3,3,3
41,6,6,6,5,6,5,6,5,5,4,3,2,3,2,4,3,6,6,6,2,2,2,6,6,2,3,4,6,4,4,4,4,4,4,4,4,3,4,4,4,4,4,5,4,3,3,3,4,3,3,6,6,6,6,6,6,6,2,6,6,5,5,5,4,5,5,1,1,2,7,4,2,6,6,2,6,3,6,4,4,4,4,4,4,4,4,3,4,4,4,4,4,4,4,3,3,3,3,3,2,6,6,6,6,6,5,6,2,6,5,5,6,4,5,5,5,2,2,2,6,2,2,4,6,3,6,2,7,4,4,4,4,4,4,4,4,4,4,5,5,5,4,4,5,5,4,3,4,4
42,7,6,6,6,6,6,6,7,6,1,6,6,6,2,3,2,6,6,7,2,5,1,6,2,5,5,6,6,1,1,1,1,2,5,5,5,5,5,4,5,5,5,5,5,2,1,1,1,1,4,6,5,5,6,4,7,5,2,7,2,4,2,2,1,3,3,2,2,5,7,5,7,7,5,2,6,6,7,5,1,5,1,2,5,5,4,2,5,5,5,5,5,5,5,3,3,3,3,2,7,7,7,6,6,7,7,7,7,7,3,3,4,3,3,5,2,2,1,6,6,4,1,3,7,5,5,6,5,1,1,1,1,2,5,5,5,2,5,3,5,5,5,5,5,2,2,2,2,2
